MrBeast,T-Series,Cocomelon,SET India,Kids Diana Show,Vlad and Niki,Like Nastya,Zee Music Company,PewDiePie,WWE
403072307,295973070,194080280,184429620,135130578,141680686,,,,
403072308,295973071,194080281,184429621,135130579,141680687,,,,
403072309,295973072,194080282,184429622,135130580,141680688,,,,
403072310,295973073,194080283,184429623,135130581,141680689,,,,
403072311,295973074,194080284,184429624,135130582,141680690,,,,
403072312,295973075,194080285,184429625,135130583,141680691,,,,
403072313,295973076,194080286,184429626,135130584,141680692,,,,
403072314,295973077,194080287,184429627,135130585,141680693,,,,
403072315,295973078,194080288,184429628,135130586,141680694,,,,
403072316,295973079,194080289,184429629,135130587,141680695,,,,
403072317,295973080,194080290,184429630,135130588,141680696,,,,
403072318,295973081,194080291,184429631,135130589,141680697,,,,
403072319,295973082,194080292,184429632,135130590,141680698,,,,
403072320,295973083,194080293,184429633,135130591,141680699,,,,
403072321,295973084,194080294,184429634,135130592,141680700,,,,
403072322,295973085,194080295,184429635,135130593,141680701,,,,
403072323,295973086,194080296,184429636,135130594,141680702,,,,
403072324,295973087,194080297,184429637,135130595,141680703,,,,
403072325,295973088,194080298,184429638,135130596,141680704,,,,
403072326,295973089,194080299,184429639,135130597,141680705,,,,
403072327,295973090,194080300,184429640,135130598,141680706,,,,
403072328,295973091,194080301,184429641,135130599,141680707,,,,
403072329,295973092,194080302,184429642,135130600,141680708,,,,
403072330,295973093,194080303,184429643,135130601,141680709,,,,
403072331,295973094,194080304,184429644,135130602,141680710,,,,
403072332,295973095,194080305,184429645,135130603,141680711,,,,
403072333,295973096,194080306,184429646,135130604,141680712,,,,
403072334,295973097,194080307,184429647,135130605,141680713,,,,
403072335,295973098,194080308,184429648,135130606,141680714,,,,
403072336,295973099,194080309,184429649,135130607,141680715,,,,
403072337,295973100,194080310,184429650,135130608,141680716,,,,
403072338,295973101,194080311,184429651,135130609,141680717,,,,
403072339,295973102,194080312,184429652,135130610,141680718,,,,
403072340,295973103,194080313,184429653,135130611,141680719,,,,
403072341,295973104,194080314,184429655,135130612,141680720,,,,
403072342,295973105,194080315,184429656,135130613,141680721,,,,
403072343,295973106,194080316,184429657,135130614,141680722,,,,
403072344,295973107,194080317,184429658,135130615,141680723,,,,
403072345,295973108,194080318,184429659,135130616,141680724,,,,
403072346,295973109,194080319,184429660,135130617,141680725,,,,
403072347,295973110,194080320,184429661,135130618,141680726,,,,
403072348,295973111,194080321,184429662,135130619,141680727,,,,
403072349,295973112,194080322,184429663,135130620,141680728,,,,
403072350,295973113,194080323,184429664,135130621,141680729,,,,
403072351,295973114,194080324,184429665,135130622,141680730,,,,
403072352,295973115,194080325,184429666,135130623,141680731,,,,
403072353,295973116,194080326,184429667,135130624,141680732,,,,
403072354,295973117,194080327,184429668,135130625,141680733,,,,
403072355,295973118,194080328,184429669,135130626,141680734,,,,
403072356,295973119,194080329,184429670,135130627,141680735,,,,
403072357,295973120,194080330,184429671,135130628,141680736,,,,
403072358,295973121,194080331,184429672,135130629,141680737,,,,
403072359,295973122,194080332,184429673,135130630,141680738,,,,
403072360,295973123,194080333,184429674,135130631,141680739,,,,
403072361,295973124,194080334,184429675,135130632,141680740,,,,
403072362,295973125,194080335,184429676,135130633,141680741,,,,
403072363,295973126,194080336,184429677,135130634,141680742,,,,
403072364,295973127,194080337,184429678,135130635,141680743,,,,
403072365,295973128,194080338,184429679,135130636,141680744,,,,
403072366,295973129,194080339,184429680,135130637,141680745,,,,
403072367,295973130,194080340,184429681,135130638,141680746,,,,
403072368,295973131,194080341,184429682,135130639,141680747,,,,
403072369,295973132,194080342,184429683,135130640,141680748,,,,
403072370,295973133,194080343,184429684,135130641,141680749,,,,
403072371,295973134,194080344,184429685,135130642,141680750,,,,
403072372,295973135,194080345,184429686,135130643,141680751,,,,
403072373,295973136,194080346,184429687,135130644,141680752,,,,
403072374,295973137,194080347,184429688,135130645,141680753,,,,
403072375,295973138,194080348,184429689,135130646,141680754,,,,
403072376,295973139,194080349,184429690,135130647,141680755,,,,
403072377,295973140,194080350,184429691,135130648,141680756,,,,
403072378,295973141,194080351,184429692,135130649,141680757,,,,
403072379,295973142,194080352,184429693,135130650,141680758,,,,
403072380,295973143,194080353,184429694,135130651,141680759,,,,
403072381,295973144,194080354,184429695,135130652,141680760,,,,
403072382,295973145,194080355,184429696,135130653,141680761,,,,
403072383,295973146,194080356,184429697,135130654,141680762,,,,
403072384,295973147,194080357,184429698,135130655,141680763,,,,
403072385,295973148,194080358,184429699,135130656,141680764,,,,
403072386,295973149,194080359,184429700,135130657,141680765,,,,
403072387,295973150,194080360,184429701,135130658,141680766,,,,
403072388,295973151,194080361,184429702,135130659,141680767,,,,
403072389,295973152,194080362,184429703,135130660,141680768,,,,
403072390,295973153,194080363,184429704,135130661,141680769,,,,
403072391,295973154,194080364,184429705,135130662,141680770,,,,
403072392,295973155,194080365,184429706,135130663,141680771,,,,
403072393,295973156,194080366,184429707,135130664,141680772,,,,
403072394,295973157,194080367,184429708,135130665,141680773,,,,
403072395,295973158,194080368,184429709,135130666,141680774,,,,
403072396,295973159,194080369,184429710,135130667,141680775,,,,
403072397,295973160,194080370,184429711,135130668,141680776,,,,
403072398,295973161,194080371,184429712,135130669,141680777,,,,
403072399,295973162,194080372,184429713,135130670,141680778,,,,
403072400,295973163,194080373,184429714,135130671,141680779,,,,
403072401,295973164,194080374,184429715,135130672,141680780,,,,
403072402,295973165,194080375,184429716,135130673,141680781,,,,
403072403,295973166,194080376,184429717,135130674,141680782,,,,
403072404,295973167,194080377,184429718,135130675,141680783,,,,
403072405,295973168,194080378,184429719,135130676,141680784,,,,
403072406,295973169,194080379,184429720,135130677,141680785,,,,
403072407,295973170,194080380,184429721,135130678,141680786,,,,
403072408,295973171,194080381,184429722,135130679,141680787,,,,
403072409,295973172,194080382,184429723,135130680,141680788,,,,
403072410,295973173,194080383,184429724,135130681,141680789,,,,
403072411,295973174,194080384,184429725,135130682,141680790,,,,
403072412,295973175,194080385,184429726,135130683,141680791,,,,
403072413,295973176,194080386,184429727,135130684,141680792,,,,
403072414,295973177,194080387,184429728,135130685,141680793,,,,
403072415,295973178,194080388,184429729,135130686,141680794,,,,
403072416,295973179,194080389,184429730,135130687,141680795,,,,
403072417,295973180,194080390,184429731,135130688,141680796,,,,
403072418,295973181,194080391,184429732,135130689,141680797,,,,
403072419,295973182,194080392,184429733,135130690,141680798,,,,
403072420,295973183,194080393,184429734,135130691,141680799,,,,
403072421,295973184,194080394,184429735,135130692,141680800,,,,
403072422,295973185,194080395,184429736,135130693,141680801,,,,
403072423,295973186,194080396,184429737,135130694,141680802,,,,
403072424,295973187,194080397,184429738,135130695,141680803,,,,
403072425,295973188,194080398,184429739,135130696,141680804,,,,
403072426,295973189,194080399,184429740,135130697,141680805,,,,
403072427,295973190,194080400,184429741,135130698,141680806,,,,
403072428,295973191,194080401,184429742,135130699,141680807,,,,
403072429,295973192,194080402,184429743,135130700,141680808,,,,
403072430,295973193,194080403,184429744,135130701,141680809,,,,
403072431,295973194,194080404,184429745,135130702,141680810,,,,
403072432,295973195,194080405,184429746,135130703,141680811,,,,
403072433,295973196,194080406,184429747,135130704,141680812,,,,
403072434,295973197,194080407,184429748,135130705,141680813,,,,
403072435,295973198,194080408,184429749,135130706,141680814,,,,
403072436,295973199,194080409,184429750,135130707,141680815,,,,
403072437,295973200,194080410,184429751,135130708,141680816,,,,
403072438,295973201,194080411,184429752,135130709,141680817,,,,
403072439,295973202,194080412,184429753,135130710,141680818,,,,
403072440,295973203,194080413,184429754,135130711,141680819,,,,
403072441,295973204,194080414,184429755,135130712,141680820,,,,
403072442,295973205,194080415,184429756,135130713,141680821,,,,
403072443,295973206,194080416,184429757,135130714,141680822,,,,
403072444,295973207,194080417,184429758,135130715,141680823,,,,
403072445,295973208,194080418,184429759,135130716,141680824,,,,
403072446,295973209,194080419,184429760,135130717,141680825,,,,
403072447,295973210,194080420,184429761,135130718,141680826,,,,
403072448,295973211,194080421,184429762,135130719,141680827,,,,
403072449,295973212,194080422,184429763,135130720,141680828,,,,
403072450,295973213,194080423,184429764,135130721,141680829,,,,
403072451,295973214,194080424,184429765,135130722,141680830,,,,
403072452,295973215,194080425,184429766,135130723,141680831,,,,
403072453,295973216,194080426,184429767,135130724,141680832,,,,
403072454,295973217,194080427,184429768,135130725,141680833,,,,
403072455,295973218,194080428,184429769,135130726,141680834,,,,
403072456,295973219,194080429,184429770,135130727,141680835,,,,
403072457,295973220,194080430,184429771,135130728,141680836,,,,
403072458,295973221,194080431,184429772,135130729,141680837,,,,
403072459,295973222,194080432,184429773,135130730,141680838,,,,
403072460,295973223,194080433,184429774,135130731,141680839,,,,
403072461,295973224,194080434,184429775,135130732,141680840,,,,
403072462,295973225,194080435,184429776,135130733,141680841,,,,
403072463,295973226,194080436,184429777,135130734,141680842,,,,
403072464,295973227,194080437,184429778,135130735,141680843,,,,
403072465,295973228,194080438,184429779,135130736,141680844,,,,
403072466,295973229,194080439,184429780,135130737,141680845,,,,
403072467,295973230,194080440,184429781,135130738,141680846,,,,
403072468,295973231,194080441,184429782,135130739,141680847,,,,
403072469,295973232,194080442,184429783,135130740,141680848,,,,
403072470,295973233,194080443,184429784,135130741,141680849,,,,
403072471,295973234,194080444,184429785,135130742,141680850,,,,
403072472,295973235,194080445,184429786,135130743,141680851,,,,
403072473,295973236,194080446,184429787,135130744,141680852,,,,
403072474,295973237,194080447,184429788,135130745,141680853,,,,
403072475,295973238,194080448,184429789,135130746,141680854,,,,
403072476,295973239,194080449,184429790,135130747,141680855,,,,
403072477,295973240,194080450,184429791,135130748,141680856,,,,
403072478,295973241,194080451,184429792,135130749,141680857,,,,
403072479,295973242,194080452,184429793,135130750,141680858,,,,
403072480,295973243,194080453,184429794,135130751,141680859,,,,
403072481,295973244,194080454,184429795,135130752,141680860,,,,
403072482,295973245,194080455,184429796,135130753,141680861,,,,
403072483,295973246,194080456,184429797,135130754,141680862,,,,
403072484,295973247,194080457,184429798,135130755,141680863,,,,
403072485,295973248,194080458,184429799,135130756,141680864,,,,
403072486,295973249,194080459,184429800,135130757,141680865,,,,
403072487,295973250,194080460,184429801,135130758,141680866,,,,
403072488,295973251,194080461,184429802,135130759,141680867,,,,
403072489,295973252,194080462,184429803,135130760,141680868,,,,
403072490,295973253,194080463,184429804,135130761,141680869,,,,
403072491,295973254,194080464,184429805,135130762,141680870,,,,
403072492,295973255,194080465,184429806,135130763,141680871,,,,
403072493,295973256,194080466,184429807,135130764,141680872,,,,
403072494,295973257,194080467,184429808,135130765,141680873,,,,
403072495,295973258,194080468,184429809,135130766,141680874,,,,
403072496,295973259,194080469,184429810,135130767,141680875,,,,
403072497,295973260,194080470,184429811,135130768,141680876,,,,
403072498,295973261,194080471,184429812,135130769,141680877,,,,
403072499,295973262,194080472,184429813,135130770,141680878,,,,
403072500,295973263,194080473,184429814,135130771,141680879,,,,
403072501,295973264,194080474,184429815,135130772,141680880,,,,
403072502,295973265,194080475,184429816,135130773,141680881,,,,
403072503,295973266,194080476,184429817,135130774,141680882,,,,
403072504,295973267,194080477,184429818,135130775,141680883,,,,
403072505,295973268,194080478,184429819,135130776,141680884,,,,
403072506,295973269,194080479,184429820,135130777,141680885,,,,
403072507,295973270,194080480,184429821,135130778,141680886,,,,
403072508,295973271,194080481,184429822,135130779,141680887,,,,
403072509,295973272,194080482,184429823,135130780,141680888,,,,
403072510,295973273,194080483,184429824,135130781,141680889,,,,
403072511,295973274,194080484,184429825,135130782,141680890,,,,
403072512,295973275,194080485,184429826,135130783,141680891,,,,
403072513,295973276,194080486,184429827,135130784,141680892,,,,
403072514,295973277,194080487,184429828,135130785,141680893,,,,
403072515,295973278,194080488,184429829,135130786,141680894,,,,
403072516,295973279,194080489,184429830,135130787,141680895,,,,
403072517,295973280,194080490,184429831,135130788,141680896,,,,
403072518,295973281,194080491,184429832,135130789,141680897,,,,
403072519,295973282,194080492,184429833,135130790,141680898,,,,
403072520,295973283,194080493,184429834,135130791,141680899,,,,
403072521,295973284,194080494,184429835,135130792,141680900,,,,
403072522,295973285,194080495,184429836,135130793,141680901,,,,
403072523,295973286,194080496,184429837,135130794,141680902,,,,
403072524,295973287,194080497,184429838,135130795,141680903,,,,
403072525,295973288,194080498,184429839,135130796,141680904,,,,
403072526,295973289,194080499,184429840,135130797,141680905,,,,
403072527,295973290,194080500,184429841,135130798,141680906,,,,
403072528,295973291,194080501,184429842,135130799,141680907,,,,
403072529,295973292,194080502,184429843,135130800,141680908,,,,
403072530,295973293,194080503,184429844,135130801,141680909,,,,
403072531,295973294,194080504,184429845,135130802,141680910,,,,
403072532,295973295,194080505,184429846,135130803,141680911,,,,
403072533,295973296,194080506,184429847,135130804,141680912,,,,
403072534,295973297,194080507,184429848,135130805,141680913,,,,
403072535,295973298,194080508,184429849,135130806,141680914,,,,
403072536,295973299,194080509,184429850,135130807,141680915,,,,
403072537,295973300,194080510,184429851,135130808,141680916,,,,
403072538,295973301,194080511,184429852,135130809,141680917,,,,
403072539,295973302,194080512,184429853,135130810,141680918,,,,
403072540,295973303,194080513,184429854,135130811,141680919,,,,
403072541,295973304,194080514,184429855,135130812,141680920,,,,
403072542,295973305,194080515,184429856,135130813,141680921,,,,
403072543,295973306,194080516,184429857,135130814,141680922,,,,
403072544,295973307,194080517,184429858,135130815,141680923,,,,
403072545,295973308,194080518,184429859,135130816,141680924,,,,
403072546,295973309,194080519,184429860,135130817,141680925,,,,
403072547,295973310,194080520,184429861,135130818,141680926,,,,
403072548,295973311,194080521,184429862,135130819,141680927,,,,
403072549,295973312,194080522,184429863,135130820,141680928,,,,
403072550,295973313,194080523,184429864,135130821,141680929,,,,
403072551,295973314,194080524,184429865,135130822,141680930,,,,
403072552,295973315,194080525,184429866,135130823,141680931,,,,
403072553,295973316,194080526,184429867,135130824,141680932,,,,
403072554,295973317,194080527,184429868,135130825,141680933,,,,
403072555,295973318,194080528,184429869,135130826,141680934,,,,
403072556,295973319,194080529,184429870,135130827,141680935,,,,
403072557,295973320,194080530,184429871,135130828,141680936,,,,
403072558,295973321,194080531,184429872,135130829,141680937,,,,
403072559,295973322,194080532,184429873,135130830,141680938,,,,
403072560,295973323,194080533,184429874,135130831,141680939,,,,
403072561,295973324,194080534,184429875,135130832,141680940,,,,
403072562,295973325,194080535,184429876,135130833,141680941,,,,
403072563,295973326,194080536,184429877,135130834,141680942,,,,
403072564,295973327,194080537,184429878,135130835,141680943,,,,
403072565,295973328,194080538,184429879,135130836,141680944,,,,
403072566,295973329,194080539,184429880,135130837,141680945,,,,
403072567,295973330,194080540,184429881,135130838,141680946,,,,
403072568,295973331,194080541,184429882,135130839,141680947,,,,
403072569,295973332,194080542,184429883,135130840,141680948,,,,
403072570,295973333,194080543,184429884,135130841,141680949,,,,
403072571,295973334,194080544,184429885,135130842,141680950,,,,
403072572,295973335,194080545,184429886,135130843,141680951,,,,
403072573,295973336,194080546,184429887,135130844,141680952,,,,
403072574,295973337,194080547,184429888,135130845,141680953,,,,
403072575,295973338,194080548,184429889,135130846,141680954,,,,
403072576,295973339,194080549,184429890,135130847,141680955,,,,
403072577,295973340,194080550,184429891,135130848,141680956,,,,
403072578,295973341,194080551,184429892,135130849,141680957,,,,
403072579,295973342,194080552,184429893,135130850,141680958,,,,
403072580,295973343,194080553,184429894,135130851,141680959,,,,
403072581,295973344,194080554,184429895,135130852,141680960,,,,
403072582,295973345,194080555,184429896,135130853,141680961,,,,
403072583,295973346,194080556,184429897,135130854,141680962,,,,
403072584,295973347,194080557,184429898,135130855,141680963,,,,
403072585,295973348,194080558,184429899,135130856,141680964,,,,
403072586,295973349,194080559,184429900,135130857,141680965,,,,
403072587,295973350,194080560,184429901,135130858,141680966,,,,
403072588,295973351,194080561,184429902,135130859,141680967,,,,
403072589,295973352,194080562,184429903,135130860,141680968,,,,
403072590,295973353,194080563,184429904,135130861,141680969,,,,
403072591,295973354,194080564,184429905,135130862,141680970,,,,
403072592,295973355,194080565,184429906,135130863,141680971,,,,
403072593,295973356,194080566,184429907,135130864,141680972,,,,
403072594,295973357,194080567,184429908,135130865,141680973,,,,
403072595,295973358,194080568,184429909,135130866,141680974,,,,
403072596,295973359,194080569,184429910,135130867,141680975,,,,
403072597,295973360,194080570,184429911,135130868,141680976,,,,
403072598,295973361,194080571,184429912,135130869,141680977,,,,
403072599,295973362,194080572,184429913,135130870,141680978,,,,
403072600,295973363,194080573,184429914,135130871,141680979,,,,
403072601,295973364,194080574,184429915,135130872,141680980,,,,
403072602,295973365,194080575,184429916,135130873,141680981,,,,
403072603,295973366,194080576,184429917,135130874,141680982,,,,
403072604,295973367,194080577,184429918,135130875,141680983,,,,
403072605,295973368,194080578,184429919,135130876,141680984,,,,
403072606,295973369,194080579,184429920,135130877,141680985,,,,
403072607,295973370,194080580,184429921,135130878,141680986,,,,
403072608,295973371,194080581,184429922,135130879,141680987,,,,
403072609,295973372,194080582,184429923,135130880,141680988,,,,
403072610,295973373,194080583,184429924,135130881,141680989,,,,
403072611,295973374,194080584,184429925,135130882,141680990,,,,
403072612,295973375,194080585,184429926,135130883,141680991,,,,
403072613,295973376,194080586,184429927,135130884,141680992,,,,
403072614,295973377,194080587,184429928,135130885,141680993,,,,
403072615,295973378,194080588,184429929,135130886,141680994,,,,
403072616,295973379,194080589,184429930,135130887,141680995,,,,
403072617,295973380,194080590,184429931,135130888,141680996,,,,
403072618,295973381,194080591,184429932,135130889,141680997,,,,
403072619,295973382,194080592,184429933,135130890,141680998,,,,
403072620,295973383,194080593,184429934,135130891,141680999,,,,
403072621,295973384,194080594,184429935,135130892,141681000,,,,
403072622,295973385,194080595,184429936,135130893,141681001,,,,
403072623,295973386,194080596,184429937,135130894,141681002,,,,
403072624,295973387,194080597,184429938,135130895,141681003,,,,
403072625,295973388,194080598,184429939,135130896,141681004,,,,
403072626,295973389,194080599,184429940,135130897,141681005,,,,
403072627,295973390,194080600,184429941,135130898,141681006,,,,
403072628,295973391,194080601,184429942,135130899,141681007,,,,
403072629,295973392,194080602,184429943,135130900,141681008,,,,
403072630,295973393,194080603,184429944,135130901,141681009,,,,
403072631,295973394,194080604,184429945,135130902,141681010,,,,
403072632,295973395,194080605,184429946,135130903,141681011,,,,
403072633,295973396,194080606,184429947,135130904,141681012,,,,
403072634,295973397,194080607,184429948,135130905,141681013,,,,
403072635,295973398,194080608,184429949,135130906,141681014,,,,
403072636,295973399,194080609,184429950,135130907,141681015,,,,
403072637,295973400,194080610,184429951,135130908,141681016,,,,
403072638,295973401,194080611,184429952,135130909,141681017,,,,
403072639,295973402,194080612,184429953,135130910,141681018,,,,
403072640,295973403,194080613,184429954,135130911,141681019,,,,
403072641,295973404,194080614,184429955,135130912,141681020,,,,
403072642,295973405,194080615,184429956,135130913,141681021,,,,
403072643,295973406,194080616,184429957,135130914,141681022,,,,
403072644,295973407,194080617,184429958,135130915,141681023,,,,
403072645,295973408,194080618,184429959,135130916,141681024,,,,
403072646,295973409,194080619,184429960,135130917,141681025,,,,
403072647,295973410,194080620,184429961,135130918,141681026,,,,
403072648,295973411,194080621,184429962,135130919,141681027,,,,
403072649,295973412,194080622,184429963,135130920,141681028,,,,
403072650,295973413,194080623,184429964,135130921,141681029,,,,
403072651,295973414,194080624,184429965,135130922,141681030,,,,
403072652,295973415,194080625,184429966,135130923,141681031,,,,
403072653,295973416,194080626,184429967,135130924,141681032,,,,
403072654,295973417,194080627,184429968,135130925,141681033,,,,
403072655,295973418,194080628,184429969,135130926,141681034,,,,
403072656,295973419,194080629,184429970,135130927,141681035,,,,
403072657,295973420,194080630,184429971,135130928,141681036,,,,
403072658,295973421,194080631,184429972,135130929,141681037,,,,
403072659,295973422,194080632,184429973,135130930,141681038,,,,
403072660,295973423,194080633,184429974,135130931,141681039,,,,
403072661,295973424,194080634,184429975,135130932,141681040,,,,
403072662,295973425,194080635,184429976,135130933,141681041,,,,
403072663,295973426,194080636,184429977,135130934,141681042,,,,
403072664,295973427,194080637,184429978,135130935,141681043,,,,
403072665,295973428,194080638,184429979,135130936,141681044,,,,
403072666,295973429,194080639,184429980,135130937,141681045,,,,
403072667,295973430,194080640,184429981,135130938,141681046,,,,
403072668,295973431,194080641,184429982,135130939,141681047,,,,
403072669,295973432,194080642,184429983,135130940,141681048,,,,
403072670,295973433,194080643,184429984,135130941,141681049,,,,
403072671,295973434,194080644,184429985,135130942,141681050,,,,
403072672,295973435,194080645,184429986,135130943,141681051,,,,
403072673,295973436,194080646,184429987,135130944,141681052,,,,
403072674,295973437,194080647,184429988,135130945,141681053,,,,
403072675,295973438,194080648,184429989,135130946,141681054,,,,
403072676,295973439,194080649,184429990,135130947,141681055,,,,
403072677,295973440,194080650,184429991,135130948,141681056,,,,
403072678,295973441,194080651,184429992,135130949,141681057,,,,
403072679,295973442,194080652,184429993,135130950,141681058,,,,
403072680,295973443,194080653,184429994,135130951,141681059,,,,
403072681,295973444,194080654,184429995,135130952,141681060,,,,
403072682,295973445,194080655,184429996,135130953,141681061,,,,
403072683,295973446,194080656,184429997,135130954,141681062,,,,
403072684,295973447,194080657,184429998,135130955,141681063,,,,
403072685,295973448,194080658,184429999,135130956,141681064,,,,
403072686,295973449,194080659,184430000,135130957,141681065,,,,
403072687,295973450,194080660,184430001,135130958,141681066,,,,
403072688,295973451,194080661,184430002,135130959,141681067,,,,
403072689,295973452,194080662,184430003,135130960,141681068,,,,
403072690,295973453,194080663,184430004,135130961,141681069,,,,
403072691,295973454,194080664,184430005,135130962,141681070,,,,
403072692,295973455,194080665,184430006,135130963,141681071,,,,
403072693,295973456,194080666,184430007,135130964,141681072,,,,
403072694,295973457,194080667,184430008,135130965,141681073,,,,
403072695,295973458,194080668,184430009,135130966,141681074,,,,
403072696,295973459,194080669,184430010,135130967,141681075,,,,
403072697,295973460,194080670,184430011,135130968,141681076,,,,
403072698,295973461,194080671,184430012,135130969,141681077,,,,
403072699,295973462,194080672,184430013,135130970,141681078,,,,
403072700,295973463,194080673,184430014,135130971,141681079,,,,
403072701,295973464,194080674,184430015,135130972,141681080,,,,
403072702,295973465,194080675,184430016,135130973,141681081,,,,
403072703,295973466,194080676,184430017,135130974,141681082,,,,
403072704,295973467,194080677,184430018,135130975,141681083,,,,
403072705,295973468,194080678,184430019,135130976,141681084,,,,
403072706,295973469,194080679,184430020,135130977,141681085,,,,
403072707,295973470,194080680,184430021,135130978,141681086,,,,
403072708,295973471,194080681,184430022,135130979,141681087,,,,
403072709,295973472,194080682,184430023,135130980,141681088,,,,
403072710,295973473,194080683,184430024,135130981,141681089,,,,
403072711,295973474,194080684,184430025,135130982,141681090,,,,
403072712,295973475,194080685,184430026,135130983,141681091,,,,
403072713,295973476,194080686,184430027,135130984,141681092,,,,
403072714,295973477,194080687,184430028,135130985,141681093,,,,
403072715,295973478,194080688,184430029,135130986,141681094,,,,
403072716,295973479,194080689,184430030,135130987,141681095,,,,
403072717,295973480,194080690,184430031,135130988,141681096,,,,
403072718,295973481,194080691,184430032,135130989,141681097,,,,
403072719,295973482,194080692,184430033,135130990,141681098,,,,
403072720,295973483,194080693,184430034,135130991,141681099,,,,
403072721,295973484,194080694,184430035,135130992,141681100,,,,
403072722,295973485,194080695,184430036,135130993,141681101,,,,
403072723,295973486,194080696,184430037,135130994,141681102,,,,
403072724,295973487,194080697,184430038,135130995,141681103,,,,
403072725,295973488,194080698,184430039,135130996,141681104,,,,
403072726,295973489,194080699,184430040,135130997,141681105,,,,
403072727,295973490,194080700,184430041,135130998,141681106,,,,
403072728,295973491,194080701,184430042,135130999,141681107,,,,
403072729,295973492,194080702,184430043,135131000,141681108,,,,
403072730,295973493,194080703,184430044,135131001,141681109,,,,
403072731,295973494,194080704,184430045,135131002,141681110,,,,
403072732,295973495,194080705,184430046,135131003,141681111,,,,
403072733,295973496,194080706,184430047,135131004,141681112,,,,
403072734,295973497,194080707,184430048,135131005,141681113,,,,
403072735,295973498,194080708,184430049,135131006,141681114,,,,
403072736,295973499,194080709,184430050,135131007,141681115,,,,
403072737,295973500,194080710,184430051,135131008,141681116,,,,
403072738,295973501,194080711,184430052,135131009,141681117,,,,
403072739,295973502,194080712,184430053,135131010,141681118,,,,
403072740,295973503,194080713,184430054,135131011,141681119,,,,
403072741,295973504,194080714,184430055,135131012,141681120,,,,
403072742,295973505,194080715,184430056,135131013,141681121,,,,
403072743,295973506,194080716,184430057,135131014,141681122,,,,
403072744,295973507,194080717,184430058,135131015,141681123,,,,
403072745,295973508,194080718,184430059,135131016,141681124,,,,
403072746,295973509,194080719,184430060,135131017,141681125,,,,
403072747,295973510,194080720,184430061,135131018,141681126,,,,
403072748,295973511,194080721,184430062,135131019,141681127,,,,
403072749,295973512,194080722,184430063,135131020,141681128,,,,
403072750,295973513,194080723,184430064,135131021,141681129,,,,
403072751,295973514,194080724,184430065,135131022,141681130,,,,
403072752,295973515,194080725,184430066,135131023,141681131,,,,
403072753,295973516,194080726,184430067,135131024,141681132,,,,
403072754,295973517,194080727,184430068,135131025,141681133,,,,
403072755,295973518,194080728,184430069,135131026,141681134,,,,
403072756,295973519,194080729,184430070,135131027,141681135,,,,
403072757,295973520,194080730,184430071,135131028,141681136,,,,
403072758,295973521,194080731,184430072,135131029,141681137,,,,
403072759,295973522,194080732,184430073,135131030,141681138,,,,
403072760,295973523,194080733,184430074,135131031,141681139,,,,
403072761,295973524,194080734,184430075,135131032,141681140,,,,
403072762,295973525,194080735,184430076,135131033,141681141,,,,
403072763,295973526,194080736,184430077,135131034,141681142,,,,
403072764,295973527,194080737,184430078,135131035,141681143,,,,
403072765,295973528,194080738,184430079,135131036,141681144,,,,
403072766,295973529,194080739,184430080,135131037,141681145,,,,
403072767,295973530,194080740,184430081,135131038,141681146,,,,
403072768,295973531,194080741,184430082,135131039,141681147,,,,
403072769,295973532,194080742,184430083,135131040,141681148,,,,
403072770,295973533,194080743,184430084,135131041,141681149,,,,
403072771,295973534,194080744,184430085,135131042,141681150,,,,
403072772,295973535,194080745,184430086,135131043,141681151,,,,
403072773,295973536,194080746,184430087,135131044,141681152,,,,
403072774,295973537,194080747,184430088,135131045,141681153,,,,
403072775,295973538,194080748,184430089,135131046,141681154,,,,
403072776,295973539,194080749,184430090,135131047,141681155,,,,
403072777,295973540,194080750,184430091,135131048,141681156,,,,
403072778,295973541,194080751,184430092,135131049,141681157,,,,
403072779,295973542,194080752,184430093,135131050,141681158,,,,
403072780,295973543,194080753,184430094,135131051,141681159,,,,
403072781,295973544,194080754,184430095,135131052,141681160,,,,
403072782,295973545,194080755,184430096,135131053,141681161,,,,
403072783,295973546,194080756,184430097,135131054,141681162,,,,
403072784,295973547,194080757,184430098,135131055,141681163,,,,
403072785,295973548,194080758,184430099,135131056,141681164,,,,
403072786,295973549,194080759,184430100,135131057,141681165,,,,
403072787,295973550,194080760,184430101,135131058,141681166,,,,
403072788,295973551,194080761,184430102,135131059,141681167,,,,
403072789,295973552,194080762,184430103,135131060,141681168,,,,
403072790,295973553,194080763,184430104,135131061,141681169,,,,
403072791,295973554,194080764,184430105,135131062,141681170,,,,
403072792,295973555,194080765,184430106,135131063,141681171,,,,
403072793,295973556,194080766,184430107,135131064,141681172,,,,
403072794,295973557,194080767,184430108,135131065,141681173,,,,
403072795,295973558,194080768,184430109,135131066,141681174,,,,
403072796,295973559,194080769,184430110,135131067,141681175,,,,
403072797,295973560,194080770,184430111,135131068,141681176,,,,
403072798,295973561,194080771,184430112,135131069,141681177,,,,
403072799,295973562,194080772,184430113,135131070,141681178,,,,
403072800,295973563,194080773,184430114,135131071,141681179,,,,
403072801,295973564,194080774,184430115,135131072,141681180,,,,
403072802,295973565,194080775,184430116,135131073,141681181,,,,
403072803,295973566,194080776,184430117,135131074,141681182,,,,